,City,Club,State,URL
0,Birmingham,Alabama Mineral & Lapidary Society,Alabama,http://www.lapidaryclub.com/
1,Dothan,Dothan Gem & Mineral Club,Alabama,http://www.wiregrassrockhounds.com/
2,Huntsville,Huntsville Gem and Mineral Society,Alabama,http://huntsvillegms.org/
3,Mobile,Mobile Rock & Gem Society,Alabama,http://www.mobilerockandgem.com/
4,Montgomery,Montgomery Gem & Mineral Society,Alabama,http://montgomerygemandmineralsociety.com/mgms/
5,Anchorage,Chugach Gem & Mineral Society,Alaska,http://www.chugachgemandmineralsociety.com/
6,Palmer,Mat-Su Rock and Mineral Club,Alaska,http://matsurockclub.com/
7,Apache Junction,Apache Junction Rock and Gem Club,Arizona,http://www.ajrockclub.com/
8,Black Canyon City,Black Canyon City Rock Club,Arizona,http://www.bccrockclub.mysite.com/
9,Anthem,Daisy Mountain Rock & Mineral Club,Arizona,http://www.dmrmc.com/
10,Miami,Gila County Gem & Mineral Society,Arizona,http://gilagem.org/
11,Sierra Vista,Huachuca Mineral and Gem Club,Arizona,http://www.huachucamineralandgemclub.info/
12,Lake Havasu City,Lake Havasu Gem & Mineral Society,Arizona,http://www.lakehavasugms.org/
13,Scottsdale,Mineralogical Society of Arizona,Arizona,http://www.msaaz.org/
14,Cottonwood,Mingus Gem & Mineral Club,Arizona,http://www.mingusclub.org/
15,Kingman,Mohave County Gemstoners,Arizona,http://www.gemstoners.org/
16,Tucson,Old Pueblo Lapidary Club,Arizona,http://www.lapidaryclub.org/
17,Prescott Valley,Prescott Gem & Mineral Club,Arizona,http://www.prescottgemmineral.org/
18,Quartzsite,Quartzsite Roadrunners Gem & Mineral Club,Arizona,http://www.qrgmc.org/
19,Phoenix,Rockhounds West,Arizona,http://rockhounds.scwclubs.com/
20,Sedona,Sedona Gem & Mineral Club,Arizona,http://www.sedonagemandmineral.org/
21,Bullhead City,Silvery Colorado River Rock Club,Arizona,http://scrrc.blogspot.com/
22,Pearce,Sunsites Gem and Mineral Club,Arizona,https://sites.google.com/site/cochisecountyrock/
23,Tucson,Tucson Gem and Mineral Society,Arizona,http://www.tgms.org/
24,Cottonwood,Verde River Rockhounds,Arizona,http://www.verderiverrockhounds.com/
25,Buckeye,West Valley Rock & Mineral Club,Arizona,http://www.westvalleyrockandmineralclub.com/
26,Show Low,White Mountain Gem & Mineral Club,Arizona,http://whitemountain-azrockclub.org/
27,Wickenburg,Wickenburg Gem and Mineral Society,Arizona,http://www.wickenburggms.org/
28,Little Rock,"Central Arkansas Gem, Mineral and Geology Society",Arkansas,http://www.centralarrockhound.org/
29,Siloam Springs,Northwest Arkansas Gem & Mineral Society,Arkansas,http://www.nwarockhounds.org/
30,Mountain Home,"Ozark Earth Science Gem, Mineral & Fossil Club",Arkansas,https://www.ozarkearthscience.com/
31,Sutter Creek,Amador County Gem & Mineral Society,California,http://www.amadorgemandmineral.org/
32,Anaheim,American Opal Society,California,http://www.opalsociety.org/
33,Lancaster,Antelope Valley Gem and Mineral Club,California,http://avgem.weebly.com/
34,Antioch,Antioch Lapidary Club,California,http://www.antiochlapidaryclub.com/
35,Borrego Springs,Borrego Rock and Gem Club,California,http://www.abdnha.org/bragclub.html
36,Angels Camp,Calaveras Gem & Mineral Society,California,http://www.calaverasgemandmineral.org/
37,Pacific Grove,Carmel Valley Gem and Mineral Society,California,http://www.cvgms.rocks/
38,San Luis Obispo,Central Coast Treasure Hunters Association,California,http://www.cctha.org/
39,Coalinga,Coalinga Rockhound Society,California,https://sites.google.com/site/coalingarockhounds/
40,Thousand Oaks,Conejo Gem & Mineral Club,California,http://www.cgamc.org/
41,Concord,Contra Costa Mineral & Gem Society,California,http://www.ccmgs.org/
42,Culver City,The Culver City Rock and Mineral Club,California,http://culvercityrocks.org/
43,Northridge,Del Air Rockhounds Club,California,http://delairrockhounds.blogspot.com/
44,Bellflower,Delvers Gem & Mineral Society,California,https://delversgemclub.wordpress.com/
45,El Cajon,El Cajon Valley Gem & Mineral Society,California,http://www.ecvgms.org/
46,Placerville,El Dorado County Mineral and Gem Society,California,http://www.eldoradomineralandgem.org/
47,Buena Park,Faceters Guild of Southern California,California,http://www.fgosc.com/
48,Fallbrook,"Fallbrook Gem and Mineral Society, Inc.",California,http://www.fgms.org/FGMS/Home.html
49,Oroville,Feather River Lapidary & Mineral Society,California,http://www.featherriverrocks.org/
50,Yucca Valley,First Class Miners,California,http://www.firstclassminers.org/
51,North Highlands,"Fossils for Fun Society, Inc.",California,https://www.facebook.com/The-Fossils-for-Fun-Society-994879667246272/
52,Fresno,Fresno Gem & Mineral Society,California,http://fgms.us/
53,Placerville,Gold Country Treasure Seekers,California,https://goldcountrytreasureseekers.shutterfly.com/
54,Yucca Valley,Hi-Desert Rockhounds of Morongo Valley,California,http://www.hi-desertrockhounds.org/
55,Ridgecrest,Indian Wells Valley Gem & Mineral Society,California,http://indianwells.weebly.com/
56,Bakersfield,Kern County Mineral Society,California,http://kerncountymineralsociety.org/
57,Lemoore,Lemoore Gem and Mineral Club,California,https://www.facebook.com/Lemoore-Gem-and-Mineral-Club-706220872829687/
58,Livermore,Livermore Valley Lithophiles,California,http://www.lithophiles.com/
59,Lone Pine,Line Pine Gem & Mieral Society,California,http://lpgms.org/
60,Mariposa,Mariposa Gem & Mineral Club,California,http://mariposagmc.org/
61,Hayward,Mineral & Gem Society of Castro Valley,California,http://www.mgscv.org/
62,Pasadena,Mineralogical Society of Southern California,California,http://www.mineralsocal.org/
63,Barstow,Mojave Desert Gem & Mineral Society,California,http://www.mdgms.net/
64,Monrovia,Monrovia Rock Hounds Inc.,California,http://www.moroks.com/
65,Modesto,Mother Lode Mineral Society,California,http://www.motherlodemineralsociety.com/
66,Mohave Valley,Needles Gem & Mineral Club,California,http://needlesgemmineralclub.blogspot.com/
67,Grass Valley,Nevada County Gem & Mineral Society,California,http://www.ncgms.org/
68,Orinda,Northern California Geological Society,California,http://www.ncgeolsoc.org/
69,La Habra,North Orange County Gem & Mineral Society,California,http://www.nocgms.com/
70,San Bernardino,Orange Belt Mineralogical Society,California,http://obmsrocks.yolasite.com/
71,Santa Maria,Orcutt Mineral Society,California,http://www.omsinc.org/
72,Oxnard,Oxnard Gem & Mineral Society,California,http://oxnardgem.com/home/
73,Palmdale,Palmdale Gem & Mineral Club,California,https://www.facebook.com/palmdalegemandmineralclub/
74,Escondido,Palomar Gem & Mineral Club,California,http://palomargem.org/
75,Rolling Hills Estates,Palos Verdes Gem & Mineral Society,California,http://www.palos-verdes-gem-and-mineral-society.org/
76,Paradise,Paradise Gem & Mineral Club,California,http://www.paradisegem.org/
77,Pasadena,Pasadena Lapidary Society,California,http://www.pasadenalapidarysociety.org/
78,Los Altos,"Peninsula Gem & Geology Society, Inc.",California,http://pggs.org/
79,Roseville,Roseville Rock Rollers,California,http://www.rockrollers.com/
80,Brea,Route 66 Gold Miners Inc,California,http://www.route66goldminers.org/
81,Sacramento,Sacramento Mineral Society,California,http://www.sacramentomineralsociety.org/
82,North Highlands,Sacramento Valley Detecting Buffs,California,http://www.sacramentovalleydetectingbuffs.com/
83,Salinas,Salinas Valley Rock and Gem Club,California,https://salinasrockandgem.pagecloud.com/
84,San Diego,San Diego Gem and Mineral Society,California,http://www.sdmg.org/
85,San Diego,San Diego Lapidary Society,California,http://sandiegolapidarysociety.org/
86,San Francisco,"San Francisco Gem and Mineral Society, Inc.",California,http://www.sfgms.org/
87,Bakersfield,San Joaquin Valley Lapidary Society,California,http://sjvls.blogspot.com/
88,San Luis Obispo,San Luis Obispo Gem & Mineral Club,California,http://www.slogem.org/
89,Santa Ana,"Santa Ana Rock & Mineral Club, Inc.",California,http://www.sarmclub.org/
90,San Jose,Santa Clara Valley Gem & Mineral Society,California,http://www.scvgms.org/
91,Santa Cruz,Santa Cruz Mineral and Gem Society,California,https://www.facebook.com/scmgs/
92,Paso Robles,Santa Lucia Rockhounds,California,http://www.slrockhounds.org/
93,Santa Rosa,"Santa Rosa Mineral And Gem Society, Inc.",California,http://www.srmgs.org/
94,Anaheim,Searchers Gem and Mineral Society,California,https://www.searchersrocks.org/
95,Trona,"Searles Lake Gem and Mineral Society, Inc.",California,http://www1.iwvisp.com/tronagemclub/
96,Redwood City,Sequoia Gem and Mineral Society,California,http://www.sequoiagemandmineralsociety.org/
97,Palm Springs,Shadow Mountain Gem & Mineral Society,California,http://www.shadowmountaingemmineral.org/
98,Redding,Shasta Gem & Mineral Society,California,http://www.shastagemandmineral.com/
99,Newhall,Sierra Pelona Rock Club,California,http://www.sierrapelona.com/
100,Torrance,South Bay Lapidary & Mineral Society,California,https://southbaylapidaryandmineralsociety.com/
101,San Clemente,South Orange County Gem & Mineral Society,California,https://www.facebook.com/South-Orange-County-Gem-Mineral-Society-255366124502612/
102,Los Angeles,Southern California Paleontological Society,California,http://socalpaleo.com/
103,Stockton,Stockton Lapidary & Mineral Club,California,http://www.stocktonlapidary.com/
104,Marysville,Sutter Buttes Gem & Mineral Society,California,https://sutterbuttesgemmin.org/
105,Tehachapi,Tehachapi Valley Gem & Mineral Society,California,http://www.tvgms.org/
106,Farmersville,Tule Gem and Mineral Society,California,http://www.tulegem.com/
107,Vallejo,Vallejo Gem & Mineral Society,California,http://www.vjgems.org/
108,San Bernardino,"Valley Prospectors, Inc.",California,https://www.valleyprospectors.com/
109,Ventura,"Ventura Gem & Mineral Society, Inc",California,http://vgms.org/
110,Victorville,Victor Valley Gem and Mineral Club,California,http://www.vvgmc.org/
111,Vista,Vista Gem & Mineral Society,California,http://www.vistarocks.org/
112,Garden Grove,West Coast Prospectors & Treasure Hunters Association,California,http://westcoasters.org/
113,Norco,West End Prospectors Corporation,California,http://www.wepcgold.com
114,Whittier,"Whittier Gem and Mineral Society, Inc.",California,http://wgmsca.com/index.html
115,San Fernando Valley,"Woodland Hills Rock Chippers, Inc.",California,http://www.rockchippers.org/
116,Yucaipa,Yucaipa Valley Gem & Mineral Society,California,http://www.yvgms.org/wiki/
117,Canon City,Canon City Geology Club,Colorado,http://www.canoncitygeologyclub.com/
118,Frisco,Colorado Gold Camp,Colorado,http://coloradogoldcamp.com/
119,Lakewood,Colorado Mineral Society,Colorado,http://www.coloradomineralsociety.org/
120,Alamosa,Colorado Prospector,Colorado,http://www.coloradoprospector.com/
121,Colorado Springs,Colorado Springs Mineral Society,Colorado,http://www.csms1936.com/
122,Salida,Columbine Gem and Mineral Society,Colorado,http://rockaholics.org/
123,Denver,Denver Gem and Mineral Guild,Colorado,http://denvergem.org/index.html
124,Boulder,Flatirons Mineral Club,Colorado,http://flatironsmineralclub.org/
125,Fort Collins,Fort Collins Rockhounds,Colorado,http://www.fortcollinsrockhounds.org/
126,Durango,Four Corners Gem & Mineral Club,Colorado,http://www.durangorocks.org/
127,Denver,Friends of Mineralogy - Colorado Chapter ,Colorado,http://friendsofmineralogycolorado.org/
128,Grand Junction,Grand Junction Gem & Mineral Club,Colorado,http://www.grandjunctionrockclub.org/
129,Lake George,Lake George Gem & Mineral club,Colorado,http://www.lggmclub.org/
130,Littleton,"Littleton Gem and Mineral Club, Inc.",Colorado,http://littletongemandmineralclub.com/
131,Arvada,Mile High Rock and Mineral Society,Colorado,http://www.milehirams.com/
132,Arvada,North Jeffco Gem & Mineral Club,Colorado,http://www.peaktopeak.com/njeffco/index.php
133,Pueblo,Pueblo Rockhounds,Colorado,http://www.pueblorockhounds.org/
134,Denver,Western Interior Paleontological Society,Colorado,http://www.westernpaleo.org/
135,Bristol,Bristol Gem & Mineral Club,Connecticut,http://bristolgem.org/
136,Danbury,Danbury Mineralogical Society,Connecticut,http://danburymineralogicalsociety.weebly.com/
137,Meriden,Lapidary and Mineral Society of Central Connecticut,Connecticut,http://www.lmscc.org/
138,New Haven,New Haven Mineral Club,Connecticut,http://www.newhavenmineralclub.org/
139,Stamford,Stamford Mineralogical Society,Connecticut,http://www.stamfordmineralsociety.org/
140,Wilmington,"Delaware Mineralogical Society, Inc.",Delaware,http://www.delminsociety.net/
141,Melbourne,Canaveral Mineral & Gem Society,Florida,http://www.canaveral-mgs.com/
142,Merritt Island,Central Brevard Rock and Gem Club,Florida,http://www.centralbrevardgems.org/
143,Winter Park,Central Florida Mineral and Gem Society,Florida,http://www.cfmgs.org/
144,Orlando,Florida Fossil Hunters,Florida,http://floridafossilhunters.com/
145,Hollywood,Florida Gold Coast Gem & Mineral Society,Florida,http://fgcgms.com/main/
146,Ft. Myers,Fossil Club of Lee County,Florida,http://www.fcolc.com/
147,Gainesville,Gainesville Gem & Mineral Society,Florida,http://gainesvillegms.weebly.com/
148,West Palm Beach,Gem and Mineral Society of the Palm Beaches,Florida,http://www.gemandmineralsociety.org/
149,Lakeland,"Imperial Bone Valley Gem, Mineral, & Fossil Society",Florida,http://www.bonevalley.net/
150,Jacksonville,"Jacksonville Gem and Mineral Society, Inc.",Florida,http://www.jaxgemandmineral.org/
151,Miami,"Miami Mineralogical and Lapidary Guild, Inc.",Florida,http://www.mmlg-inc.org/
152,Ft. Walton Beach,Playground Gem and Mineral Society,Florida,http://playgroundgem.org/
153,Punta Gorda,Southwest Florida Fossil Society,Florida,http://www.southwestfloridafossilsociety.org/
154,Port St Lucie,St Lucie County Rock and Gem Club,Florida,http://www.slcrockandgem.org/
155,St Petersburg,Suncoast Gem and Mineral Society,Florida,http://sgams.com/
156,Palm Harbor,Tampa Bay Fossil Club,Florida,http://www.tampabayfossilclub.com/
157,Tampa,"Tampa Bay Mineral & Science Club, Inc.",Florida,http://www.tampabayrockclub.com/
158,The Villages,The Villages Gem and Mineral Society,Florida,http://www.thevillagesgemandmineralsociety.com/
159,Palm Coast,Tomoka Faceters Guild,Florida,http://www.tomokafacetersguild.org/index.html
160,Spring Hill,Withlacoochee Rockhounds,Florida,http://www.withlacoocheerockhounds.com/
161,Athens,Athens Rock and Gem Club,Georgia,http://www.athensrockandgemclub.org/
162,Augusta,Augusta Gem & Mineral Society,Georgia,http://agams.club/
163,Marietta,Cobb County Gem and Mineral Society,Georgia,https://www.ccgms.org/
164,Norcross,"Georgia Mineral Society, Inc.",Georgia,http://www.gamineral.org/
165,Macon,Mid-Georgia Gem and Mineral Society,Georgia,http://midgagmsorg.ipage.com/
166,Rome,Rome Georgia Mineral Society Inc.,Georgia,https://rogams.wordpress.com/
167,Honolulu,"Hui Pohaku 'O Hawai'i Rock & Mineral Society of Hawai'i, Inc.",Hawaii,http://pohakugalore.net/Hui_pohaku/Hiu_pohaku_1.html
168,Lewiston,"Hells Canyon Gem Club, Inc.",Idaho,http://www.hellscanyongemclub.com/
169,Idaho Falls,Idaho Falls Gem & Mineral Society,Idaho,http://ifgemmineral.weebly.com/
170,Boise,"Idaho Gem Club, Inc.",Idaho,http://www.idahogemclub.com/
171,Twin Falls,Magic Valley Gem Club,Idaho,http://magicvalleygemclub.org/
172,Coeur d'Alene,North Idaho Mineral Club,Idaho,http://www.northidahomineralclub.com/
173,Caldwell,Owyhee Gem & Mineral Society,Idaho,http://www.owyheerocks.com/
174,Oldtown,Pend Oreille Rock and Gem Club,Idaho,https://pendoreillerockandgemclub.wordpress.com/
175,Boise,Southeast Idaho Gem and Mineral Society,Idaho,https://www.facebook.com/SEIGMS
176,Rock Island,Black Hawk Gem & Mineral Club,Illinois,http://www.blackhawkgemandmineralclub.com/
177,Decatur,Central Illinois Gem & Mineral Club,Illinois,http://rmkapta.wixsite.com/cigmc
178,Skokie,Chicago Rocks & Minerals Society,Illinois,http://www.chicagorocks.org/
179,Elgin,Elgin Rock Club,Illinois,http://elginrockclub.org/
180,Macomb,"Geodeland Earth Science Clubs, Inc.",Illinois,http://www.geodeland.com/
181,Springfield,Lincoln Orbit Earth Science Society,Illinois,http://www.loess.org/
182,Chicago,Midwest Historical Research Society,Illinois,http://www.mhrsusa.com/
183,Freeport,Northwest Illinois Rock Club,Illinois,http://nwilrockclubfrpt.blogspot.com/
184,Peoria,Peoria Academy of Science Geology Section,Illinois,http://www.pasgeology.com/
185,Benton,Southern Illinois Earth Science Club,Illinois,http://www.siesclub.org/
186,Macomb,West Central Illinois Rock & Mineral Club,Illinois,http://www.rockchatter.com/
187,Elmhurst,West Suburban Lapidary Club,Illinois,http://www.westsuburbanlapidaryclub.com/
188,Indianapolis,500 Earth Sciences Club,Indiana,http://www.500earthsciencesclub.org/
189,Nashville,Brown County Rock and Mineral Club,Indiana,http://browncountyrock.webs.com/
190,Crown Point,Calumet Gem & Mineral Society,Indiana,https://www.facebook.com/calumetrockclub
191,Evansville,Evansville Lapidary Society,Indiana,http://evansvillelapidarysociety.tumblr.com/
192,Richmond,"Eastern Indiana Gem & Geological Society, Inc.",Indiana,http://eiggs.weebly.com/
193,Bedford,"Lawrence County Rock Club, Inc",Indiana,http://www.lawrencecountyrockclub.org/
194,South Bend,"Michiana Gem & Mineral Society, Inc.",Indiana,http://www.michianagms.org/
195,Fort Wayne,Three Rivers Gem & Mineral Society,Indiana,http://3riversgem_mineral.tripod.com/
196,Cedar Rapids,Cedar Valley Rocks and Minerals Society,Iowa,http://www.cedarvalleyrockclub.org/
197,Des Moines,Des Moines Lapidary Society,Iowa,http://dmlapidary.org/
198,Mount Vernon,Geology Club @ Cornell College,Iowa,http://orgs.cornellcollege.edu/geo_club/
199,Ames,Iowa State University Geology Club,Iowa,https://www.facebook.com/ISUGEOCLUB/
200,Fort Dodge,River Valley Rockhounds,Iowa,http://amfed.org/mwf/states/Iowa/RiverValley.html
201,Fairfield,The Sac & Fox Lapidary Club,Iowa,http://members.iowatelecom.net/billrath/rock_club.html
202,Kansas City,Olathe Gem and Mineral Society,Kansas,http://olathegemclub.com/
203,Topeka,Topeka Gem & Mineral Society,Kansas,http://www.topekagms.org/
204,Wichita,Wichita Gem and Mineral Society,Kansas,http://www.wgmsks.org/
205,Wichita,Wichita Paleontological Society,Kansas,http://www.reocities.com/CapeCanaveral/Hangar/4265/home.html
206,Lexington,Blue Grass Gem & Mineral Club of Central Kentucky,Kentucky,http://bggamc.homestead.com/
207,Louisville,KYANA Geological Society,Kentucky,http://www.kyanageo.org/
208,Lexington,Kentucky Paleontological Society,Kentucky,http://www.uky.edu/OtherOrgs/KPS/
209,Shreveport,Ark-La-Tex Gem & Mineral Society,Louisiana,http://larockclub.com/
210,Baton Rouge,Baton Rouge Gem & Mineral Society,Louisiana,http://www.brgemandmineral.org/
211,Leesville,DeRidder Gem & Mineral Society,Louisiana,https://www.facebook.com/DeRidder-Gem-Mineral-Society-1123146734440993/
212,Winthrop,Kennebec Rocks and Minerals Club,Maine,http://kennebec-rocksandminerals.com/
213,Portland,Maine Mineralogical & Geological Society,Maine,http://mainemineralclub.org/
214,South Paris,Oxford County Mineral and Gem Association,Maine,http://ocmgassoc.blogspot.com/
215,Milford,Penobscot Mineral and Lapidary Club,Maine,http://penobscotminerallapidaryclub.com/index.html
216,Bowie,American Fossil Federation,Maryland,http://americanfossilfederation.org/Home.html
217,Baltimore,Baltimore Mineral Society,Maryland,http://www.baltimoremineralsociety.org/
218,Solomons,Calvert Marine Museum Fossil Club,Maryland,http://www.calvertmarinemuseum.com/209/Fossil-Club
219,Elkridge,Central Maryland Rock and Mineral Collectors Exchange,Maryland,https://www.meetup.com/rockhounds/
220,Baltimore,Chesapeake Gem & Mineral Society,Maryland,http://www.chesapeakegemandmineral.org/
221,Baltimore,"Gem Cutters Guild of Baltimore, Inc.",Maryland,http://www.gemcuttersguild.com/
222,Rockville,"Gem, Lapidary, and Mineral Society of Montgomery County, MD., Inc.",Maryland,http://www.glmsmc.com/
223,Bowie,Maryland Geological Society,Maryland,http://www.ecphora.net/mgs/
224,"Washington, DC",Micromineralogists of the National Capital Area,Maryland,http://dcmicrominerals.org/
225,Annapolis,Patuxent Lapidary Guild,Maryland,http://www.patuxentlapidary.org/
226,Clinton,Southern Maryland Rock and Mineral Club,Maryland,http://www.smrmc.org/
227,"Washington, DC",The Mineralogical Society of the District of Columbia,Maryland,http://www.mineralogicalsocietyofdc.org/
228,Boston,"Boston Mineral Club, Inc.",Massachusetts,http://www.bostonmineralclub.org/
229,Springfield,Connecticut Valley Mineral Club,Massachusetts,http://www.cvmineralclub.org/
230,Chemlsford,Micromounters of New England,Massachusetts,http://micromountersofnewengland.org/
231,Westford,Nashoba Valley Mineralogical Society,Massachusetts,http://www.americantowns.com/ma/westford/organization/nashoba_valley_mineralogical_society
232,South Hamilton,North Shore Rock & Mineral Club of Massachusetts,Massachusetts,http://www.northshorerock.org/
233,North Adams,Northern Berkshire Mineral Club,Massachusetts,http://nbmclub.webs.com/
234,Bridgewater,Southeastern Massachusetts Mineral Club,Massachusetts,http://semmc.com/
235,Worcester,Worcester Mineral Club,Massachusetts,http://worcestermineralclub.org/
236,Big Rapids,"Big Rapids Rock, Gem & Mineral Club",Michigan,https://sites.google.com/site/bigrapidsrockgemmineralclub/
237,Lansing,Central Michigan Lapidary and Mineral Society,Michigan,http://michrocks.org/
238,Dollar Bay,Copper Country Rock and Mineral Club,Michigan,http://www.ccrmc.info/
239,Flint,Flint Rock and Gem Club,Michigan,http://www.flintrockandgem.org/
240,Traverse City,Grand Traverse Area Rock and Mineral Club,Michigan,http://tcrockhounds.com/
241,Wyoming,Indian Mounds Rock & Mineral Club,Michigan,http://www.indianmoundsrockclub.com/
242,Ishpeming,Ishpeming Rock and Mineral Club,Michigan,http://www.ishpemingrocks.org/
243,Kalamazoo,Kalamazoo Geological & Mineral Society,Michigan,http://kalamazoorockclub.org/
244,Howell,Livingston Gem & Mineral Society,Michigan,http://www.livingstongemandmineralsociety.com/
245,Michigan Center,Michigan Gem & Mineral Society,Michigan,http://mgmsrockclub.com/
246,Bloomfield Hills,Michigan Mineralogical Society,Michigan,https://www.michmin.org/
247,Midland,Mid-Michigan Rock Club,Michigan,http://www.midmichrockclub.com/?Page=1
248,Grand Rapids,Midwest Faceters' Guild,Michigan,http://www.midwestfaceters.org/
249,Taylor,Midwest Mineralological & Lapidary Society,Michigan,http://www.mmls.us/
250,Roscommon,Mikenauk Rock and Gem Club,Michigan,http://mikenaukclub.weebly.com/
251,Mt. Clemens,Mount Clemens Gem & Lapidary Society,Michigan,http://mcgls.org/
252,Waterford,Oakland County Earth Science Club,Michigan,http://www.ocesc.com/
253,Livonia,Roamin Club,Michigan,https://roaminrockclub.weebly.com/
254,Morenci,StateLine Gem & Mineral Society,Michigan,http://statelinegms.com/
255,Holland,"Tulip City Gem & Mineral Club, Inc.",Michigan,http://www.tulipcity.org/
256,Minneapolis,Anoka County Gem & Mineral Club,Minnesota,http://www.amfed.org/mwf/states/Minnesota/AnokaGem.html
257,Brainerd,"Cuyuna Rock, Gem and Mineral Society",Minnesota,http://cuyunarockclub.org/wp/
258,Falcon Heights,Minnesota Mineral Club,Minnesota,http://minnesotamineralclub.org/
259,Mankato,Minnesota Valley Gem & Mineral Club,Minnesota,http://www.mnvalleygemandmineralclub.com/
260,Stillwater,St Croix Rockhounds,Minnesota,http://stcroixrockhounds.org/
261,Gulfport,"Harrison County Gem & Mineral Society, Inc.",Mississippi,http://www.gulfportgems.org/
262,Jackson,Mississippi Gem & Mineral Society,Mississippi,http://missgems.org/
263,Jackson,Mississippi Geological Society,Mississippi,http://www.missgeo.com/
264,Ocean Springs,Mississippi Gulf Coast Gem and Mineral Society,Mississippi,http://www.mgcgms.org/
265,Tupelo,North Mississippi Gem and Mineral Society,Mississippi,http://www.nmgms.org/
266,Columbia,Central Missouri Rock and Lapidary Club,Missouri,http://www.cmrlc.org/
267,Independence,Independence Gem & Mineral Society,Missouri,http://www.igams.co/
268,St. Joseph,Missouri Valley Gem & Mineral Society,Missouri,http://www.movalleyrockclub.com/
269,Lincoln,"Mozarkite Society of Lincoln, Inc.",Missouri,http://www.mozarkite.com/
270,Springfield,Ozark Mountain Gem & Mineral Society,Missouri,https://www.facebook.com/omgms.57
271,St. Louis,Rock Hobby Club of Greater Saint Louis,Missouri,xxxxxhttp://rockhobby.stlearthsci.org/Home.aspxxxxxx
272,St. Louis,Rockwood Gem & Mineral Society,Missouri,http://rockwood.stlearthsci.org/
273,St. Louis,St. Louis Mineral & Gem Society,Missouri,http://www.stlrockclub.com/
274,St. Peters,"Show Me Gems & Minerals Club, Inc.",Missouri,http://showme.stlearthsci.org/
275,Kansas City,Show-Me Rockhounds Kansas City,Missouri,https://showmerockhounds.com/
276,Billings,"Billings Gem & Mineral Club, Inc.",Montana,http://www.billingsgemclub.com/
277,Corvallis,Bitterroot Gem & Mineral Society,Montana,http://www.ravalligemandmineralclub.org/
278,Bozeman,Bozeman Gem and Mineral Club,Montana,http://bozemangemandmineralclub.com/
279,Missoula,Hellgate Mineral Society,Montana,https://www.facebook.com/HellgateMineralSociety/
280,Kalispell,Kalispell Rockhound Club,Montana,http://www.kalispellrockhounds.org/
281,Lincoln,"Lincoln Gem & Mineral Club, Inc.",Nebraska,https://www.lincolngemmineralclub.org/
282,Reno,Comstock Gold Prospectors,Nevada,http://cgpgold.org/
283,Carson City,Great Basin Gem & Mineral Club,Nevada,http://greatbasingemandmineralclub.rocks/
284,Carson City,High Desert Rockers,Nevada,https://highdesertrockers.wordpress.com/
285,Pahrump,Nye Gold Seekers,Nevada,http://nyegoldseekers.webs.com/
286,Reno,Reno Gem and Mineral Society,Nevada,http://www.renorockhounds.com/
287,Las Vegas,Southern Nevada Gem and Mineral Society,Nevada,http://www.snvgms.org/
288,Concord,Capital Mineral Club,New,http://www.capitalmineralclub.org/
289,Keene,Keene Mineral Club,New,https://sites.google.com/site/keenemineralclub/home
290,Conway,Saco Valley Gem and Mineral Club,New,http://www.sacovalleygemandmineralclub.org/
291,Dover,Southeastern New Hampshire Mineral Club,New,https://www.senhmc.org/
292,Cologne,Cape Atlantic Rockhounds Inc.,New,http://www.capeatlanticrockhounds.com/
293,Woodbury,Delaware Valley Earth Science Society,New,http://www.dvess.org/
294,Marlboro Township,Friends of Mineralogy - New Jersey Chapter,New,https://fomnj.wordpress.com/
295,Morristown,Morris Museum Mineralogical Society,New,http://morrismuseum.org/mineral-society/
296,Mountainside,"New Jersey Mineralogical Society, Inc",New,http://www.njmin.org/
297,Paterson,"North Jersey Mineralogical Society, Inc.",New,http://www.nojms.webs.com/
298,Albuquerque,Albuquerque Gem & Mineral Club,New,http://www.agmc.info/
299,Carlsbad,Carlsbad Gem and Mineral Society,New,http://www.carlsbadgms.org/
300,Deming,Deming Gem & Mineral Society,New,http://www.thedgms.com/
301,Silver City,"Grant County Rolling Stones Gem & Mineral Society, Inc.",New,http://rollingstonesgms.blogspot.com/
302,Los Alamos,Los Alamos Geological Society,New,http://pweb.netcom.com/~hoffmans/LAGS.html
303,Buffalo,"Buffalo Geological Society, Inc.",New,http://www.bgsny.org/
304,Albany,Capital District Mineral Club,New,http://capitaldistrictmineralclub.com/
305,Syracuse,"Gem and Mineral Society of Syracuse, Inc.",New,http://www.gmss.us/
306,Bellmore,Island Rockhounds Inc.,New,http://www.islandrockhounds.org/
307,Jamesport,Long Island Mineral & Geology Society,New,http://www.limineralandgeology.com/LiMags/Home.html
308,Poughkeepsie,Mid-Hudson Valley Gem and Mineral Society Inc.,New,http://mhvgms.org/index.html
309,Glen Cove,Nassau Mineral Club,New,http://nassaumineralclub.org/
310,NYC,New York Mineralogical Club,New,http://www.newyorkmineralogicalclub.org/
311,NYC,New York Paleontological Society,New,http://www.nyps.org/index.htm
312,Middletown,Orange County Mineral Society,New,http://www.orangecountymineralsocietynewyork.com/
313,Rochester,Rochester Academy of Science,New,http://www.rasny.org/
314,Rochester,Rochester Lapiday Society,New,http://www.rochesterlapidary.org/
315,Canton,St. Lawrence County Rock & Mineral Club,New,http://stlawrencecountymineralclub.org/
316,Bay Shore,Suffolk Gem & Mineral Club,New,http://www.suffolkgem.com/
317,Newark,Wayne County Gem and Mineral Club,New,http://www.wcgmc.org/
318,Fayetteville,Cape Fear Mineral & Gem Society,North,http://www.mercergarden.com/GemClub.html
319,Hickory,Catawba Valley Gem & Mineral Club,North,http://www.cvgmc.com/
320,Chapel Hill,Central North Carolina Mineral Club,North,http://www.centralncmineralclub.org/
321,Charlotte,Charlotte Gem & Mineral Club,North,http://www.charlottegem.com/
322,Winston-Salem,Forsyth Gem and Mineral Club,North,http://www.forsythgemclub.com/fgmcmain.html
323,Gastonia,"Gaston Gem, Mineral and Faceters Club",North,http://gastongemclub.weebly.com/
324,Franklin,Gem & Mineral Society of Franklin,North,http://www.fgmm.org/
325,Greensboro,Greensboro Gem & Mineral Club,North,http://www.ggmc-rockhounds.com/
326,Hendersonville,Henderson County Gem and Mineral Society,North,http://hcgms.com/index.html
327,Asheville,Mountain Area Gem and Mineral Association (MAGMA),North,http://www.wncrocks.com/magma/magma.html
328,Raleigh,North Carolina Fossil Club,North,http://www.ncfossilclub.org/
329,Asheville,Southern Appalachian Mineral Society,North,http://www.main.nc.us/sams/
330,Raleigh,Tar Heel Gem & Mineral Club,North,http://www.tarheelclub.org/
331,Bismarck,Central Dakota Gem & Mineral Society,North,https://ndrockclub.org/
332,Troy,Brukner Gem and Mineral Club,Ohio,http://www.bruknergemandmineralclub.com/
333,Cincinnati,Cincinnati Mineral Society,Ohio,http://mineralsociety.org/
334,Columbus,Columbus Rock and Mineral Society,Ohio,http://www.columbusrockandmineralsociety.org/
335,Kettering,Dayton Gem & Mineral Society,Ohio,https://www.facebook.com/The-Dayton-Gem-Mineral-Society-140478502678195/
336,Cincinnati,Dry Dredgers,Ohio,http://drydredgers.org/
337,Loveland,Greater Cincinati Lapidary and Faceting Society,Ohio,http://cincinnatilapidary.weebly.com/
338,Cleveland,North Coast Fossil Club,Ohio,http://ncfclub.org/
339,Worthington,Ohio Geological Society,Ohio,https://ohiogeosoc.org/
340,Cleveland,Parma Lapidary Club,Ohio,http://www.parmalapidary.com/
341,Mansfield,Richland Lithic & Lapidary Society,Ohio,http://rlls.webs.com/
342,Cuyahoga Falls,Summit Lapidary Club,Ohio,http://lapidaryclubofohio.org/
343,Toledo,Toledo Gem & Rockhound Club,Ohio,http://rockyreader.com/
344,Ada,"Ada Gem, Mineral and Fossil Club",Oklahoma,http://www.freewebs.com/agmfc/
345,Enid,Enid Gem & Mineral Society,Oklahoma,http://www.enidgemandmineral.org/
346,Oklahoma City,Oklahoma Mineral and Gem Society,Oklahoma,http://omgs-minerals.org/
347,Shawnee,Shawnee Gem and Mineral Society,Oklahoma,https://www.facebook.com/Shawnee-Gem-and-Mineral-Society-524175917629452/
348,Tulsa,Tulsa Rock and Mineral Society,Oklahoma,http://www.ttownrockhound.org/
349,Tahlequah,Tahlequah Rock and Mineral Society,Oklahoma,http://tramsok.webs.com/
350,Redmond,Central Oregon Rock Collectors,Oregon,https://corockcollectors.com/
351,Oregon City,Clackamette Mineral and Gem Club,Oregon,http://www.clackamettegem.org/
352,Portland/West Linn,Columbia-Willamette Faceters' Guild,Oregon,http://facetersguild.com/
353,North Bend,FarWest Lapidary & Gem Society,Oregon,http://www.farwestlapidary.org/
354,Hermiston,Hatrockhounds Gem and Mineral Society,Oregon,http://jall23.wixsite.com/hatrockhounds
355,Portland,Millennium Diggers Club,Oregon,http://www.millenniumdiggers.com/
356,Gresham,Mt Hood Rock Club,Oregon,https://mthoodrockclub.wordpress.com/
357,Hillsboro,North American Research Group,Oregon,http://narg-online.com/
358,Portland,"Oregon Agate & Mineral Society, Inc.",Oregon,http://www.oregonagate.org/
359,Newport,Oregon Coast Agate Club,Oregon,http://www.coastagates.org/
360,Prineville,Prineville Rockhound Pow-Wow Assoc.,Oregon,http://prineville.rocks/
361,Klamath Falls,Rock and Arrowhead Club of Klamath Falls,Oregon,http://www.klamathrockclub.org/
362,Springfield,Springfield Thunderegg Rock Club,Oregon,http://thundereggrockclub.blogspot.com/
363,Forest Grove,Tualatin Valley Gem Club,Oregon,https://tvrgc.org/
364,Salem,"Willamette Agate and Mineral Society, Inc.",Oregon,http://www.wamsi.net/
365,Harrisburg,"Central Pennsylvania Rock and Mineral Club, Inc.",Pennsylvania,http://www.rockandmineral.org/
366,Sayre,"Che-Hanna Rock and Mineral Club, Inc.",Pennsylvania,http://www.chehannarocks.com/
367,Philadelphia,Delaware Valley Paleontological Society,Pennsylvania,https://sites.google.com/site/dvpspaleo/
368,St. Peters,Friends of Mineralogy - Pennsylvania Chapter,Pennsylvania,http://www.rasloto.com/FM/
369,Erie,Gem City Rock and Mineral Society,Pennsylvania,http://www.gemcityrockclub.org/
370,Fairless Hills,Leidy Microscopical Society,Pennsylvania,http://leidymicroscopical.com/
371,Hanover,"Mason-Dixon Rock, Mineral, Gemological, & Lapidary Club",Pennsylvania,http://topgemz.com/
372,Moosic,Mineralogical Society of Northeastern Pennsylvania,Pennsylvania,http://msnepa.org/
373,Pittsburgh,Monongahela Rockhounds,Pennsylvania,http://www.monongahelarockhounds.org/
374,Stroudsburg,Monroe County Earth Science Association,Pennsylvania,http://www.mdsysconsulting.com/MCESA/
375,Mars,Moraine Rockbusters,Pennsylvania,http://www.morainerockbusters.org/
376,State College,Nittany Mineralogical Society,Pennsylvania,http://www.nittanymineral.org/
377,Whitehall,Pennsylvania Earth Sciences Association,Pennsylvania,http://www.mineralfest.com/
378,Philadelphia,Philadelphia Mineralogical Society,Pennsylvania,http://www.phillyrocks.org/
379,Pittsburgh,Pittsburgh Geological Society,Pennsylvania,http://www.pittsburghgeologicalsociety.org/index.html
380,Brookhaven,Tuscarora Lapidary Society,Pennsylvania,http://www.lapidary.org/
381,Warwick,"Rhode Island Mineral Hunters, Inc.",Rhode,http://rimh.us/
382,Aiken,Aiken Gem and Mineral Society,South,http://www.aikengmfs.org/
383,Columbia,Columbia Gem & Mineral Society,South,http://www.cgams.org/
384,North Charleston,Lowcountry Gem and Mineral Society,South,http://lowcountrygemandmineralsociety.org/
385,Central,Pendleton District Gem and Mineral Society,South,http://www.woodsmere.com/pdgms/
386,Greenville,Western South Carolina Gem and Mineral Society,South,http://www.wescagem.org/
387,Sioux Falls,Sioux Empire Gem and Mineral Society,South,http://www.segams.org/
388,Rapid City,Western Dakota Gem & Mineral Society,South,http://www.wdgms.org/
389,Knoxville,Knoxville Gem & Mineral Society,Tennessee,http://www.knoxrocks.org/
390,Memphis,Memphis Archaeological & Geological Society,Tennessee,http://www.memphisgeology.org/
391,Nashville,Middle Tennessee Rockhounds,Tennessee,http://www.rockhound.org/
392,"Murfreesboro, Donelson, Tullahoma",Mid-Tennessee Gem and Mineral Society,Tennessee,http://www.mtgms.org/
393,Arlington,Arlington Gem and Mineral Club,Texas,http://www.agemclub.org/
394,Austin,Austin Gem and Mineral Society,Texas,http://www.austingemandmineral.org/index.html
395,Abilene,Central Texas Gem & Mineral Society,Texas,http://rockclub.txol.net/
396,Alpine,Chihuahuan Desert Gem and Mineral Club,Texas,http://www.cdgmc.org/
397,Houston,Clear Lake Gem and Mineral Society,Texas,http://www.clgms.org/
398,Fort Worth,"Cowtown Gem, Mineral & Glass Society",Texas,http://cera-fw.org/gem-mineral-glass/
399,Dallas,Dallas Gem and Mineral Society,Texas,http://www.dallasgemandmineral.org/
400,Dallas,Dallas Paleontological Society,Texas,https://dps.wildapricot.org/
401,Tyler,East Texas Gem and Mineral Society,Texas,http://www.etgms.com/
402,El Paso,"El Paso Mineral and Gem Society, Inc.",Texas,http://www.epmgs.com/
403,Fort Worth,Fort Worth Gem and Mineral Club,Texas,http://www.fortworthgemandmineralclub.org/
404,Fredericksburg,Fredericksburg Rockhounds,Texas,http://fredericksburgrockhounds.org/
405,San Antonio,Geological Society of San Antonio,Texas,http://www.geosa.org/
406,Amarillo,"Golden Spread Gem, Mineral and Treasure Society",Texas,http://www.amarillotreasure.com/
407,Corpus Christi,Gulf Coast Gem & Mineral Society,Texas,http://www.gcgms.org/
408,Houston,Houston Gem and Mineral Society,Texas,http://www.hgms.org/
409,Lubbock,Lubbock Gem and Mineral Society,Texas,http://www.lubbockgemandmineral.org/
410,Midland,"Midland Gem and Mineral Society, Inc.",Texas,https://www.facebook.com/midlandgemandmineral/
411,Dallas,Oak Cliff Gem and Mineral Society,Texas,http://www.ocgemandmineral.com/
412,Austin,Paleontological Society of Austin,Texas,http://www.austinpaleo.org/
413,Jasper,Pine Country Gem & Mineral Society,Texas,http://www.pinecountry-gms.org/
414,Huntsville,Piney Woods Gem & Mineral Society,Texas,http://www.pwgms.org/
415,Dallas,Pleasant Oaks Gem & Mineral Club,Texas,http://www.pogmc.org/
416,Rollin' Rock Club Of Texas And Any Other State Or Country Of The World and Outer Space,"Rollin' Rock Club, Inc.",Texas,https://sites.google.com/site/rollinrockclub/
417,San Antonio,South Texas Geological Society,Texas,http://www.stgs.org/
418,San Antonio,Southwest Gem and Mineral Society,Texas,http://www.swgemandmineral.org/
419,Houston,Texas Faceters Guild,Texas,http://texasfacetersguild.org/
420,Temple,"Tri-City Gem and Mineral Society, Inc.",Texas,https://www.facebook.com/midlandgemandmineral/
421,Waco,Waco Gem and Mineral Club,Texas,http://www.wacogemandmineral.org/
422,Georgetown,Williamson County Gem and Mineral Society,Texas,http://www.wcgms.org/
423,Decatur,"Wise County Fossil, Rock and Mineral Society",Texas,http://wisecofossilrockandmineralsoc.weebly.com/
424,Ogden,Beehive Rock and Gem Club,Utah,http://www.beehiverockandgem.com/
425,Smithfield,Cache Rock and Gem Club,Utah,http://cacherockgemclub.weebly.com/
426,Ogden,Golden Spike Gem & Mineral Society,Utah,http://goldenspikegem.org/
427,Salt Lake City,Mineral Collectors of Utah,Utah,http://m-c-u.org/
428,Moab,Moab Rock Club,Utah,https://www.facebook.com/Moab-Rock-Club-1508131859497762/
429,Sandy,Rockhounders Outreach for Community Knowledge,Utah,http://www.rockhoundersock.com/
430,Provo,Timpanogos Gem & Mineral Society,Utah,http://timprocks.weebly.com/
431,Tooele,Tooele Gem & Mineral Society,Utah,https://www.facebook.com/Tooele-Gem-Mineral-Society-1742342656045404/
432,Salt Lake City,Wasatch Gem Society,Utah,http://www.wasatchgemsociety.com/
433,Burlington,Burlington Gem and Mineral Club,Vermont,http://www.burlingtongemandmineralclub.org/
434,Rutland,Rutland Rock & Mineral Club,Vermont,http://www.rutlandrockmineralclub.50webs.com/
435,Manassas,"Gem and Mineral Hunters, Inc.",Virginia,http://www.gmhonline.org/
436,Lynchburg,Gem and Mineral Society of Lynchburg,Virginia,http://www.lynchburgrockclub.org/
437,Hampton,Gem and Mineral Society of the Virginia Peninsula,Virginia,http://www.gmsvp.org/
438,Arlington,"Northern Virginia Mineral Club, Inc.",Virginia,http://www.novamineralclub.org/
439,Richmond,Richmond Gem & Mineral Society,Virginia,http://www.rgms-va.info/
440,Roanoke,Roanoke Valley Mineral & Gem Society,Virginia,https://www.facebook.com/RVMGS/
441,Waynesboro,Shenandoah Valley Gem & Mineral Society,Virginia,http://www.shenandoahvalleyrockclub.org/
442,Virginia Beach,Tidewater Gem & Mineral Society,Virginia,http://tgms.weebly.com/
443,Bellevue,"Bellevue Rock Club, Inc.",Washington,http://www.bellevuerockclub.org/
444,Kent,Cascade Mineralogical Society Inc,Washington,http://www.cascademineralogicalsociety.org/
445,Port Angeles,Clallam County Gem & Mineral Association,Washington,http://www.olympicrocks.com/
446,Darrington,Darrington Rock & Gem Club,Washington,https://www.facebook.com/DarringtonRGC/
447,Kirkland,East KingCo Rock Club,Washington,http://www.eastkingco.org/
448,Everett,Everett Rock & Gem Club,Washington,http://www.everettrockclub.com/
449,Wenatchee,Ginkgo Mineral Society,Washington,http://wenatcheerockclub.org/
450,Bremerton,Kitsap Mineral and Gem Societ,Washington,http://www.kmgs.org/
451,Kennewick,"Lakeside Gem & Mineral Club, Inc.",Washington,http://www.lakesidegemandmineralclub.com/
452,Edmonds,Maplewood Rock & Gem Community Club,Washington,http://www.maplewoodrockclub.com/
453,Walla Walla,Marcus Whitman Gem and Mineral Society,Washington,https://www.sites.google.com/site/mwgemandmineral/
454,Marysville,"Marysville Rock & Gem Club, Inc.",Washington,https://sites.google.com/site/marysvillerockngemclub/
455,Bellingham,Mount Baker Rock And Gem Club,Washington,http://mtbakerrockclub.org/
456,Kent,North American Miners Association,Washington,http://www.namaminers.org/
457,Mount Vernon,North Puget Sound Facetors Guild,Washington,http://www.facetguild.com/
458,Puget Sound,Northwest Paleontological Association,Washington,http://nwpaleo.org/
459,Arden,Panorama Gem & Mineral Club,Washington,http://panoramagem.com/
460,Puyallup,Puyallup Valley Gem & Mineral Club,Washington,https://www.facebook.com/PuyallupValleyGemClub
461,Mt. Vernon,Skagit Rock and Gem Club,Washington,https://www.skagitrockandgem.com/
462,Spokane Valley,Spokane Rock Rollers Club,Washington,http://www.rockrollers.org/WP/
463,Seattle,North Seattle Lapidary & Mineral Club,Washington,http://www.northseattlerockclub.org
464,Olympia,Washington Agate and Mineral Society,Washington,https://wamsolympia.wordpress.com
465,Seattle,West Seattle Rock Club,Washington,http://www.westseattlerockclub.org/
466,Yakima,Yakima Rock & Mineral Club,Washington,http://www.yakimarockclub.com/
467,Charleston,Kanawha Rock and Gem Club,West,http://www.kanawharockandgemclub.org/
468,Morgantown,Prehistoric West Virginia,West,http://prehistoricplanet.com/wv/
469,Clarksburg,West Virginia Fossil Club Inc,West,http://www.westvirginiafossilclub.com/
470,Monroe,"Badger Lapidary & Geological Society, Inc.",Wisconsin,http://www.badgerrockclub.org/
471,La Crosse,Coulee Rock Club of La Crosse,Wisconsin,https://www.facebook.com/pages/The-Coulee-Rock-Club/182345351787782
472,Marshfield & Stevens Point,Heart of Wisconsin Gem & Mineral Society,Wisconsin,https://www.heartofwisconsinrocks.com/
473,Pewaukee,Kettle Moraine Geological Society,Wisconsin,http://www.kmgsrocks.com/
474,Minocqua,Lakeland Gem Club,Wisconsin,http://www.lakelandgemclub.com/
475,Madison,Madison Gem and Mineral Club,Wisconsin,http://www.madisonrockclub.org/
476,Cameron,Northwest Wisconsin Gem & Mineral Society,Wisconsin,http://www.cameronamericanlegion.org/rockclub.html
477,Oshkosh,Oshkosh Earth Science Club,Wisconsin,https://sites.google.com/site/oshkoshearthscienceclub/home
478,Racine,"Racine Geological Society, Inc",Wisconsin,http://rgs-wi.tripod.com/
479,Menasha,Weis'n'Miners Geology Club,Wisconsin,http://www.weismuseum.org/geology-club.html
480,West Allis,Wisconsin Geological Society,Wisconsin,http://www.wisgeologicalsociety.com/
481,Cody,Cody 59ers Rock Club,Wyoming,http://www.cody59ers.com/
482,Riverton,Riverton Mineral and Gem Society,Wyoming,http://www.rivertonmgs.com/
483,Cody,Wyoming State Mineral and Gem Society,Wyoming,http://wymineralandgemsociety.org
